{"mean": [131.7827777777778, 132.13791666666668, 82.79416666666667, 84.755, 0.08112222222222222, 0.17037083333333333], "scale": [16.88006905118695, 16.742329706258193, 11.568499824715582, 11.577276713938867, 0.03878192671214483, 0.05027198230486949], "feature_names": ["left_knee", "right_knee", "left_hip", "right_hip", "torso_lean", "stance_width"]}